post_id,beat_name,emotion,keywords,duration,retention
1rulius,hook,shock,close-up|face|shock|night,4,
1rulius,setup,curiosity,city|street|daylight|wide,4,
1rulius,tension,tension,indoor|window|shadows|zoom,4,
1rulius,escalation,suspense,hands|phone|car|movement,4,
1rulius,resolution,relief,nature|sky|outdoor|calm,4,
1rulius,hook,shock,close-up|face|shock|night,4,
1rulius,setup,curiosity,city|street|daylight|wide,4,
1rulius,tension,tension,indoor|window|shadows|zoom,4,
1rulius,escalation,suspense,hands|phone|car|movement,4,
1rulius,resolution,relief,nature|sky|outdoor|calm,4,
1rulius,hook,shock,close-up|face|shock|night,4,
1rulius,setup,curiosity,city|street|daylight|wide,4,
1rulius,tension,tension,indoor|window|shadows|zoom,4,
1rulius,escalation,suspense,hands|phone|car|movement,4,
1rulius,resolution,relief,nature|sky|outdoor|calm,4,
1rulius,hook,shock,close-up|face|shock|night,4,
1rulius,setup,curiosity,city|street|daylight|wide,4,
1rulius,tension,tension,indoor|window|shadows|zoom,4,
1rulius,escalation,suspense,hands|phone|car|movement,4,
1rulius,resolution,relief,nature|sky|outdoor|calm,4,
1rulius,hook,shock,close-up|face|shock|night,4,
1rulius,setup,curiosity,city|street|daylight|wide,4,
1rulius,tension,tension,indoor|window|shadows|zoom,4,
1rulius,escalation,suspense,hands|phone|car|movement,4,
1rulius,resolution,relief,nature|sky|outdoor|calm,4,
1rulius,hook,shock,close-up|face|shock|night,4,
1rulius,setup,curiosity,city|street|daylight|wide,4,
1rulius,tension,tension,indoor|window|shadows|zoom,4,
1rulius,escalation,suspense,hands|phone|car|movement,4,
1rulius,resolution,relief,nature|sky|outdoor|calm,4,
alien_sightings_20260323_010117,Cold Open – Files Vanished,shock,delete|screen|data|terminal,4,
alien_sightings_20260323_010117,Cold Open – Nobody Will Explain,suspense,hallway|empty|government|silence,4,
alien_sightings_20260323_010117,Intro – UFO Conversation Is Loud,curiosity,news|headlines|television|broadcast,4,
alien_sightings_20260323_010117,Intro – The Closer We Get,tension,hand|door|reaching|frosted,3,
alien_sightings_20260323_010117,Intro – Five Moments,intrigue,corkboard|documents|investigation|overhead,5,
alien_sightings_20260323_010117,Number 5 – The Image Appears,curiosity,photograph|grainy|blurred|mysterious,4,
alien_sightings_20260323_010117,Number 5 – Spreads Like Wildfire,tension,viral|social|notifications|scrolling,3,
alien_sightings_20260323_010117,Number 5 – Gets Debunked,awkward,stamp|debunked|paper|reject,3,
alien_sightings_20260323_010117,Number 5 – Comes Back Again,suspense,clock|cycle|loop|repeat,4,
alien_sightings_20260323_010117,Number 5 – Signal vs Noise,unease,radar|static|noise|interference,4,
alien_sightings_20260323_010117,Number 5 – Real Evidence Hidden,dread,buried|folders|overwhelm|hidden,4,
alien_sightings_20260323_010117,Number 4 – L'Espresso Report,tension,magazine|print|reading|fingers,4,
alien_sightings_20260323_010117,Number 4 – Shifting Oversight,shock,pentagon|dusk|government|exterior,5,
alien_sightings_20260323_010117,Number 4 – Executive Control,dread,signing|document|power|hand,3,
alien_sightings_20260323_010117,Number 4 – A Card to Play,suspicion,card|reveal|closeup|playing,4,
alien_sightings_20260323_010117,Number 4 – Truth as a Weapon,dread,podium|empty|spotlight|briefing,5,
alien_sightings_20260323_010117,Number 3 – Four Words,suspense,phone|post|words|closeup,3,
alien_sightings_20260323_010117,Number 3 – I Am Not Suicidal,shock,text|zoom|dark|screen,4,
alien_sightings_20260323_010117,Number 3 – Posted Deliberately,tension,alone|desk|watching|still,4,
alien_sightings_20260323_010117,Number 3 – Washington Circles,unease,washington|aerial|night|capitol,5,
alien_sightings_20260323_011607,hook,shock,close-up|face|shock|night,4,
alien_sightings_20260323_011607,setup,curiosity,city|street|daylight|wide,4,
alien_sightings_20260323_011607,tension,tension,indoor|window|shadows|zoom,4,
alien_sightings_20260323_011607,escalation,suspense,hands|phone|car|movement,4,
alien_sightings_20260323_011607,resolution,relief,nature|sky|outdoor|calm,4,
alien_sightings_20260323_011607,hook,shock,close-up|face|shock|night,4,
alien_sightings_20260323_011607,setup,curiosity,city|street|daylight|wide,4,
alien_sightings_20260323_011607,tension,tension,indoor|window|shadows|zoom,4,
alien_sightings_20260323_011607,escalation,suspense,hands|phone|car|movement,4,
alien_sightings_20260323_011607,resolution,relief,nature|sky|outdoor|calm,4,
alien_sightings_20260323_011607,hook,shock,close-up|face|shock|night,4,
alien_sightings_20260323_011607,setup,curiosity,city|street|daylight|wide,4,
alien_sightings_20260323_011607,tension,tension,indoor|window|shadows|zoom,4,
alien_sightings_20260323_011607,escalation,suspense,hands|phone|car|movement,4,
alien_sightings_20260323_011607,resolution,relief,nature|sky|outdoor|calm,4,
alien_sightings_20260323_011607,hook,shock,close-up|face|shock|night,4,
alien_sightings_20260323_011607,setup,curiosity,city|street|daylight|wide,4,
alien_sightings_20260323_011607,tension,tension,indoor|window|shadows|zoom,4,
alien_sightings_20260323_011607,escalation,suspense,hands|phone|car|movement,4,
alien_sightings_20260323_011607,resolution,relief,nature|sky|outdoor|calm,4,
alien_sightings_20260323_011607,hook,shock,close-up|face|shock|night,4,
alien_sightings_20260323_011607,setup,curiosity,city|street|daylight|wide,4,
alien_sightings_20260323_011607,tension,tension,indoor|window|shadows|zoom,4,
alien_sightings_20260323_011607,escalation,suspense,hands|phone|car|movement,4,
alien_sightings_20260323_011607,resolution,relief,nature|sky|outdoor|calm,4,
alien_sightings_20260323_011607,hook,shock,close-up|face|shock|night,4,
alien_sightings_20260323_011607,setup,curiosity,city|street|daylight|wide,4,
alien_sightings_20260323_011607,tension,tension,indoor|window|shadows|zoom,4,
alien_sightings_20260323_011607,escalation,suspense,hands|phone|car|movement,4,
alien_sightings_20260323_011607,resolution,relief,nature|sky|outdoor|calm,4,
alien_sightings_20260324_001945,hook,shock,close-up|face|shock|night,4,cold_open,slow,1.5,
alien_sightings_20260324_001945,setup,curiosity,city|street|daylight|wide,4,intro,medium,4.5,
alien_sightings_20260324_001945,tension,tension,indoor|window|shadows|zoom,4,entry_3,slow,7.0,
alien_sightings_20260324_001945,escalation,suspense,hands|phone|car|movement,4,entry_2,fast,2.5,
alien_sightings_20260324_001945,resolution,relief,nature|sky|outdoor|calm,4,outro,medium,4.5,
alien_sightings_20260324_001945,hook,shock,close-up|face|shock|night,4,cold_open,slow,1.5,
alien_sightings_20260324_001945,setup,curiosity,city|street|daylight|wide,4,intro,medium,4.5,
alien_sightings_20260324_001945,tension,tension,indoor|window|shadows|zoom,4,entry_3,slow,7.0,
alien_sightings_20260324_001945,escalation,suspense,hands|phone|car|movement,4,entry_2,fast,2.5,
alien_sightings_20260324_001945,resolution,relief,nature|sky|outdoor|calm,4,outro,medium,4.5,
alien_sightings_20260325_190102,hook,foreboding,server|datacenter|blinking|rack|blackout|deleted|infrastructure,6,cold_open,slow,7.0,
alien_sightings_20260325_190102,setup,intrigue,archive|government|building|aerial|dusk|classified|federal,5,intro,medium,4.5,
alien_sightings_20260325_190102,revelation,discomfort,smartphone|scrolling|screenshot|repost|debunked|viral|caption,5,entry_5,medium,4.5,
alien_sightings_20260325_190102,confrontation,paranoia,note|handwritten|fluorescent|warning|tape|confession|isolation,7,entry_4,slow,7.0,
alien_sightings_20260325_190102,escalation,outrage,pressroom|briefing|cameras|journalists|flashbulbs|podium|crowded,6,entry_3,fast,2.5,
alien_sightings_20260325_190102,real_video,dread,404|monitor|cursor|deleted|archive|glitch|wiped,8,entry_2,slow,7.0,
alien_sightings_20260325_190102,discussing,unresolved,404|monitor|cursor|deleted|archive,5,entry_2,medium,4.5,
alien_sightings_20260325_190102,real_photo,eerie_calm,photograph|polaroid|coastline|Connecticut|1979|timestamp|disc,8,entry_1,slow,7.0,
alien_sightings_20260325_190102,payoff,unresolved,nightsky|horizon|starfield|rural|light|disappearing|silhouette,7,outro,slow,7.0,
alien_sightings_20260325_193910,hook,foreboding,capitol|fog|dusk|government|silhouette|classified,6,cold_open,slow,7.0,
alien_sightings_20260325_193910,setup,intrigue,archive|filing-cabinet|manila-folder|fluorescent|records|library,5,intro,medium,4.5,
alien_sightings_20260325_193910,revelation,curiosity,monitor|scrolling|debunked|viral|screenshot|cursor,5,entry_5,medium,4.5,
alien_sightings_20260325_193910,confrontation,dread,lamplight|printed-paper|statement|politician|reading|tension,6,entry_4,slow,7.0,
alien_sightings_20260325_193910,escalation,discomfort,courthouse|microphone|press-conference|overcast|reporters|federal,6,entry_3,medium,4.5,
alien_sightings_20260325_193910,revelation,shock,laptop|404-error|database|deleted|browser|blackscreen,8,entry_2,fast,1.5,
alien_sightings_20260325_193910,turning_point,paranoia,photograph|polaroid|Connecticut|UFO|1979|grandmother,8,entry_1,slow,7.0,
alien_sightings_20260325_193910,aftermath,unresolved,shoreline|Connecticut|horizon|silhouette|dusk|ocean,6,outro,slow,7.0,
alien_sightings_20260325_195857,hook,foreboding,government|archive|server|dusk|federal|building|empty,6,cold_open,slow,7.0,
alien_sightings_20260325_195857,setup,intrigue,countdown|monitor|list|glowing|cursor|screen,4,intro,medium,4.5,
alien_sightings_20260325_195857,revelation,discomfort,smartphone|scrolling|viral|repost|debunk|social,5,entry_5,medium,4.5,
alien_sightings_20260325_195857,dread,unease,congress|hallway|fluorescent|politician|corridor|capitol,7,entry_4,slow,7.0,
alien_sightings_20260325_195857,confrontation,outrage,podium|microphone|press|flashbulb|cameras|deposition,6,entry_3,fast,2.5,
alien_sightings_20260325_195857,escalation,suspense,server|datacenter|rack|blinking|deletion|shutdown,8,entry_2,slow,7.0,
alien_sightings_20260325_195857,real_photo,curiosity,photograph|vintage|polaroid|Connecticut|coastline|1979|disc,8,entry_1,slow,7.0,
alien_sightings_20260325_195857,aftermath,eerie_calm,night|starfield|field|horizon|light|sky|silhouette,6,outro,slow,7.0,
alien_sightings_20260325_204821,hook,foreboding,fog|field|dusk|aerial|desolate|mist,6,cold_open,slow,7.0,
alien_sightings_20260325_204821,setup,intrigue,folders|classified|desk|lamp|documents|sealed,5,intro,medium,4.5,
alien_sightings_20260325_204821,revelation,discomfort,scrolling|monitor|feed|debunk|viral|screen,5,entry_5,medium,4.5,
alien_sightings_20260325_204821,dread,unease,handwritten|note|paper|pen|warning|Burlison,8,entry_4,slow,7.0,
alien_sightings_20260325_204821,confrontation,outrage,courtroom|witness|microphone|deposition|fluorescent|testimony,6,entry_3,medium,4.5,
alien_sightings_20260325_204821,backstory,curiosity,polaroid|photograph|vintage|Connecticut|1979|grandmother,8,entry_2,slow,7.0,
alien_sightings_20260325_204821,escalation,anticipation,Capitol|Congress|twilight|security|government|Washington,5,entry_1,medium,4.5,
alien_sightings_20260325_204821,turning_point,shock,classified|filing|cabinet|padlock|restricted|SCIF,8,entry_1,slow,1.5,
alien_sightings_20260325_204821,aftermath,unresolved,silhouette|field|sky|clouds|horizon|alone,7,outro,slow,7.0,
alien_sightings_20260325_212325,hook,foreboding,fog|aerial|dusk|streetlights|flickering|suburban|overcast,6,cold_open,slow,7.0,
alien_sightings_20260325_212325,setup,intrigue,corkboard|conspiracy|printed|headlines|string|documents|pinned,5,intro,medium,4.5,
alien_sightings_20260325_212325,setup,discomfort,monitor|Reddit|scrolling|debunk|screenshot|viral|isolated,5,entry_5,medium,4.5,
alien_sightings_20260325_212325,dread,unease,handwritten|note|refrigerator|tape|warning|Burlison|message,8,entry_4,slow,7.0,
alien_sightings_20260325_212325,revelation,outrage,courtroom|reporters|deposition|microphones|cameras|Clinton|Epstein,7,entry_3,fast,2.5,
alien_sightings_20260325_212325,backstory,curiosity,polaroid|1979|Connecticut|shoreline|UFO|disc|photograph,8,entry_2,slow,7.0,
alien_sightings_20260325_212325,escalation,suspense,Capitol|Washington|classified|SCIF|government|surveillance|nighttime,7,entry_1,medium,4.5,
alien_sightings_20260325_212325,turning_point,anticipation,congressman|lectern|hands|microphone|classified|Burchett|disclosure,8,entry_1,slow,7.0,
alien_sightings_20260325_212325,aftermath,eerie_calm,starfield|silhouette|field|vast|open|sky|unanswered,6,outro,slow,7.0,
alien_sightings_20260325_214125,hook,foreboding,corridor|fluorescent|government|hallway|flickering|institutional|classified,5,cold_open,slow,7.0,
alien_sightings_20260325_214125,setup,intrigue,folders|documents|desk|lamplight|archives|paperwork|investigation,5,intro,medium,4.5,
alien_sightings_20260325_214125,revelation,discomfort,smartphone|scrolling|viral|screenshot|misinformation|post|debunked,6,entry_5,medium,4.5,
alien_sightings_20260325_214125,confrontation,unease,handwritten|corkboard|note|pinned|warning|paranoia|confession,8,entry_4,slow,7.0,
alien_sightings_20260325_214125,escalation,suspense,deposition|courtroom|microphone|testimony|table|hearing|legal,7,entry_3,medium,4.5,
alien_sightings_20260325_214125,backstory,curiosity,polaroid|photograph|vintage|Connecticut|sky|1979|faded,8,entry_2,slow,7.0,
alien_sightings_20260325_214125,turning_point,shock,SCIF|classified|congressional|stamp|redacted|restricted|seal,8,entry_1,slow,1.5,
alien_sightings_20260325_214125,aftermath,eerie_calm,starfield|nightsky|field|vast|horizon|cosmos|silence,6,outro,slow,7.0,
alien_sightings_20260325_220619,hook,foreboding,alley|shadow|exterior|dusk|street,4,cold_open,slow,7.0,
alien_sightings_20260325_220619,setup,intrigue,building|neighbourhood|daylight|exterior|road,4,intro,medium,4.5,
alien_sightings_20260325_220619,tension,dread,window|door|lock|shadow|indoor,4,entry_3,slow,7.0,
alien_sightings_20260325_220619,escalation,suspense,hands|phone|car|motion|urgency,4,entry_2,fast,2.5,
alien_sightings_20260325_220619,resolution,eerie_calm,sky|field|empty|horizon|open,4,outro,medium,4.5,
alien_sightings_20260325_220619,hook,foreboding,alley|shadow|exterior|dusk|street,4,cold_open,slow,7.0,
alien_sightings_20260325_220619,setup,intrigue,building|neighbourhood|daylight|exterior|road,4,intro,medium,4.5,
