post_id,hook_type,hook_text,date
1rulius,curiosity,Wait... So this person posts to r/AmItheAsshole... and it?,2026-03-20
alien_sightings_20260323_005801,curiosity,3.8 million files vanished the morning after they were released.,2026-03-22
alien_sightings_20260323_010117,curiosity,3.8 million files vanished overnight and nobody will explain why.,2026-03-22
alien_sightings_20260323_011607,curiosity,3.8 million files vanished. Not hacked. Just... gone.,2026-03-22
alien_sightings_20260324_001945,curiosity,30 people confessed this on their deathbeds...,2026-03-23
alien_sightings_20260325_190102,shock,3.8 million government UFO files vanished overnight. No explanation given.,2026-03-25
alien_sightings_20260325_193910,curiosity,Five mysteries even the government refuses to explain.,2026-03-25
alien_sightings_20260325_195857,curiosity,Someone wiped 3.8 million government UFO files overnight.,2026-03-25
alien_sightings_20260325_204821,curiosity,"Five mysteries so strange, even experts refuse to explain them.",2026-03-25
alien_sightings_20260325_212325,curiosity,"Five mysteries so disturbing, even experts refuse to explain them.",2026-03-25
alien_sightings_20260325_214125,curiosity,"Five mysteries so strange, even experts refuse to explain them.",2026-03-25
alien_sightings_20260325_220619,curiosity,"Five mysteries so strange, even experts refuse to explain them.",2026-03-25
