post_id,task,model_used,tokens_used,timestamp
alien_sightings_scoring,credibility_scoring,anthropic/claude-sonnet-4-6,2658,2026-03-23T00:58:01.844159
Debunking_the_image_going_arou,media_search_query,anthropic/claude-sonnet-4-6,315,2026-03-23T00:58:07.023739
We_were_warned_seven_months_ag,media_search_query,anthropic/claude-sonnet-4-6,295,2026-03-23T00:58:12.904555
[Burlison]_I_am_not_suicidal,media_search_query,anthropic/claude-sonnet-4-6,212,2026-03-23T00:58:20.655805
Hillary_Clinton_says_she_was_a,media_search_query,anthropic/claude-sonnet-4-6,286,2026-03-23T00:58:27.095004
Black_Vault_Mystery_as_UFO_vau,media_search_query,anthropic/claude-sonnet-4-6,283,2026-03-23T00:58:36.114331
UFO_Picture_taken_by_my_Grandm,media_search_query,anthropic/claude-sonnet-4-6,290,2026-03-23T00:58:41.599689
Rep._Burchett_says_if_Trump_di,media_search_query,anthropic/claude-sonnet-4-6,303,2026-03-23T00:58:47.986697
2_men_most_responsible_for_blo,media_search_query,anthropic/claude-sonnet-4-6,232,2026-03-23T00:58:54.536902
Reddit_User_u/MAJESTICJEHOVAH_,media_search_query,anthropic/claude-sonnet-4-6,271,2026-03-23T00:59:01.706550
CNN_is_doing_a_deep_dive_into_,media_search_query,anthropic/claude-sonnet-4-6,300,2026-03-23T00:59:08.425898
alien_sightings_20260323_005801,mystery_script_writing,anthropic/claude-sonnet-4-6,4946,2026-03-23T01:00:24.523676
alien_sightings_scoring,credibility_scoring,anthropic/claude-sonnet-4-6,2658,2026-03-23T01:01:17.831511
Debunking_the_image_going_arou,media_search_query,anthropic/claude-sonnet-4-6,217,2026-03-23T01:01:21.588105
We_were_warned_seven_months_ag,media_search_query,anthropic/claude-sonnet-4-6,296,2026-03-23T01:01:31.433201
[Burlison]_I_am_not_suicidal,media_search_query,anthropic/claude-sonnet-4-6,210,2026-03-23T01:01:39.916263
Hillary_Clinton_says_she_was_a,media_search_query,anthropic/claude-sonnet-4-6,286,2026-03-23T01:01:49.623993
Black_Vault_Mystery_as_UFO_vau,media_search_query,anthropic/claude-sonnet-4-6,288,2026-03-23T01:01:57.387672
UFO_Picture_taken_by_my_Grandm,media_search_query,anthropic/claude-sonnet-4-6,291,2026-03-23T01:02:02.956218
Rep._Burchett_says_if_Trump_di,media_search_query,anthropic/claude-sonnet-4-6,305,2026-03-23T01:02:09.308523
2_men_most_responsible_for_blo,media_search_query,anthropic/claude-sonnet-4-6,228,2026-03-23T01:02:15.483172
Reddit_User_u/MAJESTICJEHOVAH_,media_search_query,anthropic/claude-sonnet-4-6,271,2026-03-23T01:02:22.440714
CNN_is_doing_a_deep_dive_into_,media_search_query,anthropic/claude-sonnet-4-6,306,2026-03-23T01:02:29.507792
alien_sightings_20260323_010117,mystery_script_writing,anthropic/claude-sonnet-4-6,5029,2026-03-23T01:03:43.851971
alien_sightings_scoring,credibility_scoring,anthropic/claude-sonnet-4-6,2658,2026-03-23T01:16:07.844792
Debunking_the_image_going_arou,media_search_query,anthropic/claude-sonnet-4-6,225,2026-03-23T01:16:11.554243
We_were_warned_seven_months_ag,media_search_query,anthropic/claude-sonnet-4-6,297,2026-03-23T01:16:20.541635
[Burlison]_I_am_not_suicidal,media_search_query,anthropic/claude-sonnet-4-6,212,2026-03-23T01:16:29.631955
Hillary_Clinton_says_she_was_a,media_search_query,anthropic/claude-sonnet-4-6,285,2026-03-23T01:16:39.912224
Black_Vault_Mystery_as_UFO_vau,media_search_query,anthropic/claude-sonnet-4-6,286,2026-03-23T01:16:48.724649
UFO_Picture_taken_by_my_Grandm,media_search_query,anthropic/claude-sonnet-4-6,299,2026-03-23T01:16:57.941915
Rep._Burchett_says_if_Trump_di,media_search_query,anthropic/claude-sonnet-4-6,306,2026-03-23T01:17:07.817194
2_men_most_responsible_for_blo,media_search_query,anthropic/claude-sonnet-4-6,234,2026-03-23T01:17:16.751025
Reddit_User_u/MAJESTICJEHOVAH_,media_search_query,anthropic/claude-sonnet-4-6,270,2026-03-23T01:17:27.937732
CNN_is_doing_a_deep_dive_into_,media_search_query,anthropic/claude-sonnet-4-6,302,2026-03-23T01:17:36.861870
alien_sightings_20260323_011607,mystery_script_writing,anthropic/claude-sonnet-4-6,5016,2026-03-23T01:18:52.897220
alien_sightings_scoring,credibility_scoring,openai/gpt-4o-mini,2278,2026-03-24T00:19:45.378449
CNN_is_doing_a_deep_dive_into_,media_search_query,openai/gpt-4o-mini,259,2026-03-24T00:19:47.582775
He_Hacked_NASA_and_Saw_a_UFO:_,media_search_query,openai/gpt-4o-mini,271,2026-03-24T00:19:52.561618
Black_Vault_Mystery_as_UFO_vau,media_search_query,openai/gpt-4o-mini,235,2026-03-24T00:19:58.898859
Full_footage_of_a_UFO_filmed_a,media_search_query,openai/gpt-4o-mini,314,2026-03-24T00:20:04.685483
Eerie_timeline_emerges_in_disa,media_search_query,openai/gpt-4o-mini,198,2026-03-24T00:20:09.593527
Rep._Burchett_says_if_Trump_di,media_search_query,openai/gpt-4o-mini,257,2026-03-24T00:20:14.754681
Six_people_connected_to_the_sa,media_search_query,openai/gpt-4o-mini,254,2026-03-24T00:20:20.555345
Rep._Burlison_was_warned_by_so,media_search_query,openai/gpt-4o-mini,289,2026-03-24T00:20:26.119337
We_were_warned_seven_months_ag,media_search_query,openai/gpt-4o-mini,258,2026-03-24T00:20:30.973468
Reddit_User_u/MAJESTICJEHOVAH_,media_search_query,openai/gpt-4o-mini,219,2026-03-24T00:20:35.937668
alien_sightings_20260324_001945,mystery_script_writing,anthropic/claude-sonnet-4-6,5656,2026-03-24T00:22:21.729794
alien_sightings_20260324_001945,mystery_script_writing,openai/gpt-4o-mini,2124,2026-03-24T00:22:32.661367
